wbs_code,tp_pos,date,baseline_manpower,actual_manpower,day_of_week,kw
1.1.1.1.1,1.5.0,2026-01-19,3,,Mon,4
1.1.1.1.1,1.5.0,2026-01-20,3,,Tue,4
1.1.1.1.1,1.5.0,2026-01-21,3,,Wed,4
1.1.1.1.1,1.5.0,2026-01-22,3,,Thu,4
1.1.1.1.1,1.5.0,2026-01-23,3,,Fri,4
1.1.1.1.1,1.5.0,2026-01-24,3,,Sat,4
1.1.1.2.1.1,1.2.1,2025-12-01,4,,Mon,49
1.1.1.2.1.1,1.2.1,2025-12-02,4,,Tue,49
1.1.1.2.1.1,1.2.1,2025-12-03,4,,Wed,49
1.1.1.2.1.1,1.2.1,2025-12-04,4,,Thu,49
1.1.1.2.1.1,1.2.1,2025-12-05,4,,Fri,49
1.1.1.2.1.1,1.2.1,2025-12-06,4,,Sat,49
1.1.1.2.1.1,1.2.1,2025-12-08,4,,Mon,50
1.1.1.2.1.1,1.2.1,2025-12-09,4,,Tue,50
1.1.1.2.1.1,1.2.1,2025-12-10,4,,Wed,50
1.1.1.2.1.1,1.2.1,2025-12-11,4,,Thu,50
1.1.1.2.1.1,1.2.1,2025-12-12,4,,Fri,50
1.1.1.2.1.1,1.2.1,2025-12-13,4,,Sat,50
1.1.1.2.1.1,1.2.1,2025-12-15,4,,Mon,51
1.1.1.2.1.1,1.2.1,2025-12-16,4,,Tue,51
1.1.1.2.1.1,1.2.1,2025-12-17,4,,Wed,51
1.1.1.2.1.1,1.2.1,2025-12-18,4,,Thu,51
1.1.1.2.1.1,1.2.1,2025-12-19,2,,Fri,51
1.1.1.2.1.2,1.2.2,2025-12-08,4,,Mon,50
1.1.1.2.1.2,1.2.2,2025-12-09,4,,Tue,50
1.1.1.2.1.2,1.2.2,2025-12-10,4,,Wed,50
1.1.1.2.1.2,1.2.2,2025-12-11,4,,Thu,50
1.1.1.2.1.2,1.2.2,2025-12-12,4,,Fri,50
1.1.1.2.1.2,1.2.2,2025-12-13,4,,Sat,50
1.1.1.2.1.2,1.2.2,2025-12-15,4,,Mon,51
1.1.1.2.1.2,1.2.2,2025-12-16,4,,Tue,51
1.1.1.2.1.2,1.2.2,2025-12-17,4,,Wed,51
1.1.1.2.1.2,1.2.2,2025-12-18,4,,Thu,51
1.1.1.2.1.2,1.2.2,2025-12-19,4,,Fri,51
1.1.1.4.1,1.10.0,2025-12-01,2,,Mon,49
1.1.1.4.1,1.10.0,2025-12-02,2,,Tue,49
1.1.1.4.1,1.10.0,2025-12-03,2,,Wed,49
1.1.1.4.1,1.10.0,2025-12-04,2,,Thu,49
1.1.1.4.1,1.10.0,2025-12-05,2,,Fri,49
1.1.1.4.1,1.10.0,2025-12-06,2,,Sat,49
1.1.3.1.1,1.1.1,2025-12-08,10,,Mon,50
1.1.3.1.1,1.1.1,2025-12-09,10,,Tue,50
1.1.3.1.1,1.1.1,2025-12-10,10,,Wed,50
1.1.3.1.1,1.1.1,2025-12-11,10,,Thu,50
1.1.3.1.1,1.1.1,2025-12-12,10,,Fri,50
1.1.3.1.1,1.1.1,2025-12-13,10,,Sat,50
1.1.3.1.1,1.1.1,2025-12-15,8,,Mon,51
1.1.3.1.1,1.1.1,2025-12-16,8,,Tue,51
1.1.3.1.1,1.1.1,2025-12-17,8,,Wed,51
1.1.3.1.1,1.1.1,2025-12-18,8,,Thu,51
1.1.3.1.1,1.1.1,2025-12-19,8,,Fri,51
1.1.3.1.1,1.1.1,2026-01-12,10,,Mon,3
1.1.3.1.1,1.1.1,2026-01-13,10,,Tue,3
1.1.3.1.1,1.1.1,2026-01-14,10,,Wed,3
1.1.3.1.1,1.1.1,2026-01-15,10,,Thu,3
1.1.3.1.1,1.1.1,2026-01-16,10,,Fri,3
1.1.3.1.1,1.1.1,2026-01-17,10,,Sat,3
1.1.3.1.1,1.1.1,2026-01-19,8,,Mon,4
1.1.3.1.1,1.1.1,2026-01-20,8,,Tue,4
1.1.3.1.1,1.1.1,2026-01-21,8,,Wed,4
1.1.3.1.1,1.1.1,2026-01-22,8,,Thu,4
1.1.3.1.1,1.1.1,2026-01-23,8,,Fri,4
1.1.3.1.1,1.1.1,2026-01-24,8,,Sat,4
1.1.3.1.1,1.1.1,2026-01-26,8,,Mon,5
1.1.3.1.1,1.1.1,2026-01-27,8,,Tue,5
1.1.3.1.1,1.1.1,2026-01-28,6,,Wed,5
1.1.3.1.1,1.1.1,2026-01-29,6,,Thu,5
1.1.3.1.1,1.1.1,2026-01-30,6,,Fri,5
1.1.3.1.1,1.1.1,2026-01-31,6,,Sat,5
1.1.3.1.2,1.1.2,2025-12-15,2,,Mon,51
1.1.3.1.2,1.1.2,2025-12-16,2,,Tue,51
1.1.3.1.2,1.1.2,2025-12-17,2,,Wed,51
1.1.3.1.2,1.1.2,2025-12-18,2,,Thu,51
1.1.3.1.2,1.1.2,2025-12-19,4,,Fri,51
1.1.3.1.2,1.1.2,2026-01-12,8,,Mon,3
1.1.3.1.2,1.1.2,2026-01-13,8,,Tue,3
1.1.3.1.2,1.1.2,2026-01-14,8,,Wed,3
1.1.3.1.2,1.1.2,2026-01-15,8,,Thu,3
1.1.3.1.2,1.1.2,2026-01-16,8,,Fri,3
1.1.3.1.2,1.1.2,2026-01-17,8,,Sat,3
1.1.3.1.2,1.1.2,2026-01-19,6,,Mon,4
1.1.3.1.2,1.1.2,2026-01-20,6,,Tue,4
1.1.3.1.2,1.1.2,2026-01-21,6,,Wed,4
1.1.3.1.2,1.1.2,2026-01-22,6,,Thu,4
1.1.3.1.2,1.1.2,2026-01-23,6,,Fri,4
1.1.3.1.2,1.1.2,2026-01-24,6,,Sat,4
1.1.3.1.2,1.1.2,2026-01-26,4,,Mon,5
1.1.3.1.2,1.1.2,2026-01-27,4,,Tue,5
1.1.3.1.2,1.1.2,2026-01-28,6,,Wed,5
1.1.3.1.2,1.1.2,2026-01-29,6,,Thu,5
1.1.3.1.2,1.1.2,2026-01-30,6,,Fri,5
1.1.3.1.2,1.1.2,2026-01-31,6,,Sat,5
1.1.3.1.2,1.1.2,2026-02-02,4,,Mon,6
1.1.3.1.2,1.1.2,2026-02-03,4,,Tue,6
1.1.3.1.2,1.1.2,2026-02-04,4,,Wed,6
1.1.3.1.2,1.1.2,2026-02-05,4,,Thu,6
1.1.3.1.2,1.1.2,2026-02-06,4,,Fri,6
1.1.3.1.2,1.1.2,2026-02-07,4,,Sat,6
1.1.3.1.2,1.1.2,2026-02-09,2,,Mon,7
1.1.3.1.2,1.1.2,2026-02-10,2,,Tue,7
1.1.3.1.2,1.1.2,2026-02-11,2,,Wed,7
1.1.3.1.2,1.1.2,2026-02-12,2,,Thu,7
1.1.3.1.2,1.1.2,2026-02-13,2,,Fri,7
1.1.3.1.2,1.1.2,2026-02-14,2,,Sat,7
1.1.3.1.3,1.1.3,2026-01-19,4,,Mon,4
1.1.3.1.3,1.1.3,2026-01-20,4,,Tue,4
1.1.3.1.3,1.1.3,2026-01-21,4,,Wed,4
1.1.3.1.3,1.1.3,2026-01-22,4,,Thu,4
1.1.3.1.3,1.1.3,2026-01-23,4,,Fri,4
1.1.3.1.3,1.1.3,2026-01-24,4,,Sat,4
1.1.3.1.3,1.1.3,2026-01-26,4,,Mon,5
1.1.3.1.3,1.1.3,2026-01-27,4,,Tue,5
1.1.3.1.3,1.1.3,2026-01-28,4,,Wed,5
1.1.3.1.3,1.1.3,2026-01-29,4,,Thu,5
1.1.3.1.3,1.1.3,2026-01-30,4,,Fri,5
1.1.3.1.3,1.1.3,2026-01-31,4,,Sat,5
1.1.3.1.3,1.1.3,2026-02-02,6,,Mon,6
1.1.3.1.3,1.1.3,2026-02-03,6,,Tue,6
1.1.3.1.3,1.1.3,2026-02-04,6,,Wed,6
1.1.3.1.3,1.1.3,2026-02-05,6,,Thu,6
1.1.3.1.3,1.1.3,2026-02-06,6,,Fri,6
1.1.3.1.3,1.1.3,2026-02-07,6,,Sat,6
1.1.3.1.3,1.1.3,2026-02-09,8,,Mon,7
1.1.3.1.3,1.1.3,2026-02-10,8,,Tue,7
1.1.3.1.3,1.1.3,2026-02-11,8,,Wed,7
1.1.3.1.3,1.1.3,2026-02-12,8,,Thu,7
1.1.3.1.3,1.1.3,2026-02-13,8,,Fri,7
1.1.3.1.3,1.1.3,2026-02-14,8,,Sat,7
1.1.4.1.2,1.4.2,2025-12-11,4,,Thu,50
1.1.4.1.2,1.4.2,2025-12-12,4,,Fri,50
1.1.4.2,1.3.0,2025-12-01,4,,Mon,49
1.1.4.2,1.3.0,2025-12-02,4,,Tue,49
1.1.4.2,1.3.0,2025-12-03,4,,Wed,49
1.1.4.2,1.3.0,2025-12-04,4,,Thu,49
1.1.4.2,1.3.0,2025-12-05,4,,Fri,49
1.1.4.2,1.3.0,2025-12-06,4,,Sat,49
1.1.6.1.1.1,1.12.1,2026-02-02,10,,Mon,6
1.1.6.1.1.1,1.12.1,2026-02-03,10,,Tue,6
1.1.6.1.1.1,1.12.1,2026-02-04,10,,Wed,6
1.1.6.1.1.1,1.12.1,2026-02-05,10,,Thu,6
1.1.6.1.1.1,1.12.1,2026-02-06,10,,Fri,6
1.1.6.1.1.1,1.12.1,2026-02-07,10,,Sat,6
1.1.6.1.1.1,1.12.1,2026-02-09,10,,Mon,7
1.1.6.1.1.1,1.12.1,2026-02-10,10,,Tue,7
1.1.6.1.1.1,1.12.1,2026-02-11,10,,Wed,7
1.1.6.1.1.1,1.12.1,2026-02-12,10,,Thu,7
1.1.6.1.1.1,1.12.1,2026-02-13,10,,Fri,7
1.1.6.1.1.1,1.12.1,2026-02-14,10,,Sat,7
1.1.6.1.1.1,1.12.1,2026-02-16,10,,Mon,8
1.1.6.1.1.1,1.12.1,2026-02-17,10,,Tue,8
1.1.6.1.1.1,1.12.1,2026-02-18,10,,Wed,8
1.1.6.1.1.1,1.12.1,2026-02-19,10,,Thu,8
1.1.6.1.1.1,1.12.1,2026-02-20,10,,Fri,8
1.1.6.1.1.1,1.12.1,2026-02-21,10,,Sat,8
1.1.6.1.1.1,1.12.1,2026-02-23,10,,Mon,9
1.1.6.1.1.1,1.12.1,2026-02-24,10,,Tue,9
1.1.6.1.1.1,1.12.1,2026-02-25,10,,Wed,9
1.1.6.1.1.1,1.12.1,2026-02-26,10,,Thu,9
1.1.6.1.1.1,1.12.1,2026-02-27,10,,Fri,9
1.1.6.1.1.1,1.12.1,2026-02-28,10,,Sat,9
1.1.6.1.1.1,1.12.1,2026-03-02,10,,Mon,10
1.1.6.1.1.1,1.12.1,2026-03-03,10,,Tue,10
1.1.6.1.1.1,1.12.1,2026-03-04,10,,Wed,10
1.1.6.1.1.1,1.12.1,2026-03-05,10,,Thu,10
1.1.6.1.1.1,1.12.1,2026-03-06,10,,Fri,10
1.1.6.1.1.1,1.12.1,2026-03-07,10,,Sat,10
1.1.6.1.1.1,1.12.1,2026-03-09,10,,Mon,11
1.1.6.1.1.1,1.12.1,2026-03-10,10,,Tue,11
1.1.6.1.1.1,1.12.1,2026-03-11,10,,Wed,11
1.1.6.1.1.1,1.12.1,2026-03-12,10,,Thu,11
1.1.6.1.1.1,1.12.1,2026-03-13,10,,Fri,11
1.1.6.1.1.1,1.12.1,2026-03-14,10,,Sat,11
1.1.6.1.1.1,1.12.1,2026-03-16,10,,Mon,12
1.1.6.1.1.1,1.12.1,2026-03-17,10,,Tue,12
1.1.6.1.1.1,1.12.1,2026-03-18,10,,Wed,12
1.1.6.1.1.1,1.12.1,2026-03-19,10,,Thu,12
1.1.6.1.1.1,1.12.1,2026-03-20,10,,Fri,12
1.1.6.1.1.1,1.12.1,2026-03-21,10,,Sat,12
1.1.6.1.1.1,1.12.1,2026-03-23,10,,Mon,13
1.1.6.1.1.1,1.12.1,2026-03-24,10,,Tue,13
1.1.6.1.1.1,1.12.1,2026-03-25,10,,Wed,13
1.1.6.1.1.1,1.12.1,2026-03-26,10,,Thu,13
1.1.6.1.1.1,1.12.1,2026-03-27,10,,Fri,13
1.1.6.1.1.1,1.12.1,2026-03-28,10,,Sat,13
1.1.6.1.1.2,1.12.2,2026-02-09,4,,Mon,7
1.1.6.1.1.2,1.12.2,2026-02-10,4,,Tue,7
1.1.6.1.1.2,1.12.2,2026-02-11,4,,Wed,7
1.1.6.1.1.2,1.12.2,2026-02-12,4,,Thu,7
1.1.6.1.1.2,1.12.2,2026-02-13,4,,Fri,7
1.1.6.1.1.2,1.12.2,2026-02-14,4,,Sat,7
1.1.6.4.1.1,1.13.1,2026-02-23,4,,Mon,9
1.1.6.4.1.1,1.13.1,2026-02-24,4,,Tue,9
1.1.6.4.1.1,1.13.1,2026-02-25,4,,Wed,9
1.1.6.4.1.1,1.13.1,2026-02-26,4,,Thu,9
1.1.6.4.1.1,1.13.1,2026-02-27,4,,Fri,9
1.1.6.4.1.1,1.13.1,2026-02-28,4,,Sat,9
1.1.6.4.1.1,1.13.1,2026-03-02,4,,Mon,10
1.1.6.4.1.1,1.13.1,2026-03-03,4,,Tue,10
1.1.6.4.1.1,1.13.1,2026-03-04,4,,Wed,10
1.1.6.4.1.1,1.13.1,2026-03-05,4,,Thu,10
1.1.6.4.1.1,1.13.1,2026-03-06,4,,Fri,10
1.1.6.4.1.1,1.13.1,2026-03-07,4,,Sat,10
1.1.6.4.1.1,1.13.1,2026-03-09,4,,Mon,11
1.1.6.4.1.1,1.13.1,2026-03-10,4,,Tue,11
1.1.6.4.1.1,1.13.1,2026-03-11,4,,Wed,11
1.1.6.4.1.1,1.13.1,2026-03-12,4,,Thu,11
1.1.6.4.1.1,1.13.1,2026-03-13,4,,Fri,11
1.1.6.4.1.1,1.13.1,2026-03-14,4,,Sat,11
1.1.6.4.1.2,1.13.2,2026-03-09,4,,Mon,11
1.1.6.4.1.2,1.13.2,2026-03-10,4,,Tue,11
1.1.6.4.1.2,1.13.2,2026-03-11,4,,Wed,11
1.1.6.4.1.2,1.13.2,2026-03-12,4,,Thu,11
1.1.6.4.1.2,1.13.2,2026-03-13,4,,Fri,11
1.1.6.4.1.2,1.13.2,2026-03-14,4,,Sat,11
1.1.6.4.1.2,1.13.2,2026-03-16,4,,Mon,12
1.1.6.4.1.2,1.13.2,2026-03-17,4,,Tue,12
1.1.6.4.1.2,1.13.2,2026-03-18,4,,Wed,12
1.1.6.4.1.2,1.13.2,2026-03-19,4,,Thu,12
1.1.6.4.1.2,1.13.2,2026-03-20,4,,Fri,12
1.1.6.4.1.2,1.13.2,2026-03-21,4,,Sat,12
1.1.6.4.1.2,1.13.2,2026-03-23,4,,Mon,13
1.1.6.4.1.2,1.13.2,2026-03-24,4,,Tue,13
1.1.6.4.1.2,1.13.2,2026-03-25,4,,Wed,13
1.1.6.4.1.2,1.13.2,2026-03-26,4,,Thu,13
1.1.6.4.1.2,1.13.2,2026-03-27,4,,Fri,13
1.1.6.4.1.2,1.13.2,2026-03-28,4,,Sat,13
1.1.6.4.1.3,1.13.3,2026-03-16,6,,Mon,12
1.1.6.4.1.3,1.13.3,2026-03-17,6,,Tue,12
1.1.6.4.1.3,1.13.3,2026-03-18,6,,Wed,12
1.1.6.4.1.3,1.13.3,2026-03-19,6,,Thu,12
1.1.6.4.1.3,1.13.3,2026-03-20,6,,Fri,12
1.1.6.4.1.3,1.13.3,2026-03-21,6,,Sat,12
1.1.6.4.1.3,1.13.3,2026-03-23,6,,Mon,13
1.1.6.4.1.3,1.13.3,2026-03-24,6,,Tue,13
1.1.6.4.1.3,1.13.3,2026-03-25,6,,Wed,13
1.1.6.4.1.3,1.13.3,2026-03-26,6,,Thu,13
1.1.6.4.1.3,1.13.3,2026-03-27,6,,Fri,13
1.1.6.4.1.3,1.13.3,2026-03-28,6,,Sat,13
1.1.6.4.1.3,1.13.3,2026-03-30,6,,Mon,14
1.1.6.4.1.3,1.13.3,2026-03-31,6,,Tue,14
1.1.6.4.1.3,1.13.3,2026-04-01,6,,Wed,14
1.1.6.4.1.3,1.13.3,2026-04-02,6,,Thu,14
1.1.6.4.1.3,1.13.3,2026-04-03,6,,Fri,14
1.1.6.4.1.3,1.13.3,2026-04-04,6,,Sat,14
1.1.7.1.1,1.7.0,2026-01-26,4,,Mon,5
1.1.7.1.1,1.7.0,2026-01-27,4,,Tue,5
1.1.7.1.1,1.7.0,2026-01-28,4,,Wed,5
1.1.8.1,1.9.0,2026-01-29,4,,Thu,5
1.1.8.1,1.9.0,2026-01-30,4,,Fri,5
1.1.8.1,1.9.0,2026-01-31,4,,Sat,5
1.2.1.1.2.1,4.4.1,2026-04-13,6,,Mon,16
1.2.1.1.2.1,4.4.1,2026-04-14,6,,Tue,16
1.2.1.1.2.1,4.4.1,2026-04-15,6,,Wed,16
1.2.1.1.2.1,4.4.1,2026-04-16,6,,Thu,16
1.2.1.1.2.1,4.4.1,2026-04-17,6,,Fri,16
1.2.1.1.2.1,4.4.1,2026-04-18,6,,Sat,16
1.2.1.1.2.2,4.4.2,2026-03-30,2,,Mon,14
1.2.1.1.2.2,4.4.2,2026-03-31,2,,Tue,14
1.2.1.1.2.2,4.4.2,2026-04-01,2,,Wed,14
1.2.1.1.2.2,4.4.2,2026-04-02,2,,Thu,14
1.2.1.1.2.2,4.4.2,2026-04-03,2,,Fri,14
1.2.1.1.2.2,4.4.2,2026-04-04,2,,Sat,14
1.2.1.1.2.3,4.4.3,2026-03-30,2,,Mon,14
1.2.1.1.2.3,4.4.3,2026-03-31,2,,Tue,14
1.2.1.1.2.3,4.4.3,2026-04-01,2,,Wed,14
1.2.1.1.2.3,4.4.3,2026-04-02,2,,Thu,14
1.2.1.1.2.3,4.4.3,2026-04-03,2,,Fri,14
1.2.1.1.2.3,4.4.3,2026-04-04,2,,Sat,14
1.2.1.1.2.3,4.4.3,2026-04-06,2,,Mon,15
1.2.1.1.2.3,4.4.3,2026-04-07,2,,Tue,15
1.2.1.1.2.3,4.4.3,2026-04-08,2,,Wed,15
1.2.1.1.2.3,4.4.3,2026-04-09,2,,Thu,15
1.2.1.1.2.3,4.4.3,2026-04-10,2,,Fri,15
1.2.1.1.2.3,4.4.3,2026-04-11,2,,Sat,15
1.2.1.2.1.1,3.3.1,2026-03-16,2,,Mon,12
1.2.1.2.1.1,3.3.1,2026-03-17,2,,Tue,12
1.2.1.2.1.1,3.3.1,2026-03-18,2,,Wed,12
1.2.1.2.1.1,3.3.1,2026-03-19,2,,Thu,12
1.2.1.2.1.1,3.3.1,2026-03-20,2,,Fri,12
1.2.1.2.1.1,3.3.1,2026-03-21,2,,Sat,12
1.2.1.2.1.1,3.3.1,2026-03-23,2,,Mon,13
1.2.1.2.1.1,3.3.1,2026-03-24,2,,Tue,13
1.2.1.2.1.1,3.3.1,2026-03-25,2,,Wed,13
1.2.1.2.1.1,3.3.1,2026-03-26,2,,Thu,13
1.2.1.2.1.1,3.3.1,2026-03-27,2,,Fri,13
1.2.1.2.1.1,3.3.1,2026-03-28,2,,Sat,13
1.2.1.2.1.1,3.3.1,2026-03-30,2,,Mon,14
1.2.1.2.1.1,3.3.1,2026-03-31,2,,Tue,14
1.2.1.2.1.1,3.3.1,2026-04-01,2,,Wed,14
1.2.1.2.1.1,3.3.1,2026-04-02,2,,Thu,14
1.2.1.2.1.1,3.3.1,2026-04-03,2,,Fri,14
1.2.1.2.1.1,3.3.1,2026-04-04,2,,Sat,14
1.2.1.2.1.2,3.3.2,2026-03-30,5,,Mon,14
1.2.1.2.1.2,3.3.2,2026-03-31,5,,Tue,14
1.2.1.2.1.2,3.3.2,2026-04-01,5,,Wed,14
1.2.1.2.1.2,3.3.2,2026-04-02,5,,Thu,14
1.2.1.2.1.2,3.3.2,2026-04-03,5,,Fri,14
1.2.1.2.1.2,3.3.2,2026-04-04,5,,Sat,14
1.2.1.2.1.3,3.3.3,2026-03-02,8,,Mon,10
1.2.1.2.1.3,3.3.3,2026-03-03,8,,Tue,10
1.2.1.2.1.3,3.3.3,2026-03-04,8,,Wed,10
1.2.1.2.1.3,3.3.3,2026-03-05,8,,Thu,10
1.2.1.2.1.3,3.3.3,2026-03-06,8,,Fri,10
1.2.1.2.1.3,3.3.3,2026-03-07,8,,Sat,10
1.2.1.2.1.3,3.3.3,2026-03-09,8,,Mon,11
1.2.1.2.1.3,3.3.3,2026-03-10,8,,Tue,11
1.2.1.2.1.3,3.3.3,2026-03-11,8,,Wed,11
1.2.1.2.1.3,3.3.3,2026-03-12,8,,Thu,11
1.2.1.2.1.3,3.3.3,2026-03-13,8,,Fri,11
1.2.1.2.1.3,3.3.3,2026-03-14,8,,Sat,11
1.2.1.2.1.4,3.3.4,2026-03-23,2,,Mon,13
1.2.1.2.1.4,3.3.4,2026-03-24,2,,Tue,13
1.2.1.2.1.4,3.3.4,2026-03-25,2,,Wed,13
1.2.1.2.1.4,3.3.4,2026-03-30,2,,Mon,14
1.2.1.2.1.4,3.3.4,2026-03-31,2,,Tue,14
1.2.1.2.1.4,3.3.4,2026-04-01,2,,Wed,14
1.2.1.2.1.5,3.3.5,2026-03-23,2,,Mon,13
1.2.1.2.1.5,3.3.5,2026-03-24,2,,Tue,13
1.2.1.2.1.5,3.3.5,2026-03-25,2,,Wed,13
1.2.1.2.1.5,3.3.5,2026-03-30,2,,Mon,14
1.2.1.2.1.5,3.3.5,2026-03-31,2,,Tue,14
1.2.1.2.1.5,3.3.5,2026-04-01,2,,Wed,14
1.2.1.2.2.1,4.7.1,2026-04-13,2,,Mon,16
1.2.1.2.2.1,4.7.1,2026-04-14,2,,Tue,16
1.2.1.2.2.1,4.7.1,2026-04-15,2,,Wed,16
1.2.1.2.2.1,4.7.1,2026-04-16,2,,Thu,16
1.2.1.2.2.1,4.7.1,2026-04-17,2,,Fri,16
1.2.1.2.2.1,4.7.1,2026-04-18,2,,Sat,16
1.2.1.2.2.1,4.7.1,2026-04-20,2,,Mon,17
1.2.1.2.2.1,4.7.1,2026-04-21,2,,Tue,17
1.2.1.2.2.1,4.7.1,2026-04-22,2,,Wed,17
1.2.1.2.2.1,4.7.1,2026-04-23,2,,Thu,17
1.2.1.2.2.1,4.7.1,2026-04-24,2,,Fri,17
1.2.1.2.2.1,4.7.1,2026-04-25,2,,Sat,17
1.2.1.2.2.2,4.7.2,2026-04-20,2,,Mon,17
1.2.1.2.2.2,4.7.2,2026-04-21,2,,Tue,17
1.2.1.2.2.2,4.7.2,2026-04-22,2,,Wed,17
1.2.1.2.2.2,4.7.2,2026-04-23,2,,Thu,17
1.2.1.2.2.2,4.7.2,2026-04-24,2,,Fri,17
1.2.1.2.2.2,4.7.2,2026-04-25,2,,Sat,17
1.2.1.2.2.3,4.7.3,2026-03-30,2,,Mon,14
1.2.1.2.2.3,4.7.3,2026-03-31,2,,Tue,14
1.2.1.2.2.3,4.7.3,2026-04-01,2,,Wed,14
1.2.1.2.2.3,4.7.3,2026-04-02,2,,Thu,14
1.2.1.2.2.3,4.7.3,2026-04-03,2,,Fri,14
1.2.1.2.2.3,4.7.3,2026-04-04,2,,Sat,14
1.2.1.2.2.3,4.7.3,2026-04-06,2,,Mon,15
1.2.1.2.2.3,4.7.3,2026-04-07,2,,Tue,15
1.2.1.2.2.3,4.7.3,2026-04-08,2,,Wed,15
1.2.1.2.2.3,4.7.3,2026-04-09,2,,Thu,15
1.2.1.2.2.3,4.7.3,2026-04-10,2,,Fri,15
1.2.1.2.2.3,4.7.3,2026-04-11,2,,Sat,15
1.2.1.2.2.3,4.7.3,2026-04-13,2,,Mon,16
1.2.1.2.2.3,4.7.3,2026-04-14,2,,Tue,16
1.2.1.2.2.3,4.7.3,2026-04-15,2,,Wed,16
1.2.1.2.2.3,4.7.3,2026-04-16,2,,Thu,16
1.2.1.2.2.3,4.7.3,2026-04-17,2,,Fri,16
1.2.1.2.2.3,4.7.3,2026-04-18,2,,Sat,16
1.2.1.2.2.3,4.7.3,2026-04-20,2,,Mon,17
1.2.1.2.2.3,4.7.3,2026-04-21,2,,Tue,17
1.2.1.2.2.3,4.7.3,2026-04-22,2,,Wed,17
1.2.1.2.2.3,4.7.3,2026-04-23,2,,Thu,17
1.2.1.2.2.3,4.7.3,2026-04-24,2,,Fri,17
1.2.1.2.2.3,4.7.3,2026-04-25,2,,Sat,17
1.2.1.2.3.5,4.10.5,2026-04-27,6,,Mon,18
1.2.1.2.3.5,4.10.5,2026-04-28,6,,Tue,18
1.2.1.2.3.5,4.10.5,2026-04-29,6,,Wed,18
1.2.1.2.3.5,4.10.5,2026-04-30,6,,Thu,18
1.2.1.2.3.5,4.10.5,2026-05-01,6,,Fri,18
1.2.1.2.3.5,4.10.5,2026-05-02,6,,Sat,18
1.2.1.4.1,4.5.1,2026-04-20,2,,Mon,17
1.2.1.4.1,4.5.1,2026-04-21,2,,Tue,17
1.2.1.4.1,4.5.1,2026-04-22,2,,Wed,17
1.2.1.4.1,4.5.1,2026-04-23,2,,Thu,17
1.2.1.4.1,4.5.1,2026-04-24,2,,Fri,17
1.2.1.4.1,4.5.1,2026-04-25,2,,Sat,17
1.2.1.4.2,4.5.2,2026-04-20,2,,Mon,17
1.2.1.4.2,4.5.2,2026-04-21,2,,Tue,17
1.2.1.4.2,4.5.2,2026-04-22,2,,Wed,17
1.2.1.4.2,4.5.2,2026-04-23,2,,Thu,17
1.2.1.4.2,4.5.2,2026-04-24,2,,Fri,17
1.2.1.4.2,4.5.2,2026-04-25,2,,Sat,17
1.2.2.1.1.1,2.3.1,2026-02-02,4,,Mon,6
1.2.2.1.1.1,2.3.1,2026-02-03,4,,Tue,6
1.2.2.1.1.1,2.3.1,2026-02-04,4,,Wed,6
1.2.2.1.1.2,2.3.2,2026-01-12,6,,Mon,3
1.2.2.1.1.2,2.3.2,2026-01-13,6,,Tue,3
1.2.2.1.1.2,2.3.2,2026-01-14,6,,Wed,3
1.2.2.1.1.2,2.3.2,2026-01-15,6,,Thu,3
1.2.2.1.1.2,2.3.2,2026-01-16,6,,Fri,3
1.2.2.1.1.2,2.3.2,2026-01-17,6,,Sat,3
1.2.2.1.1.2,2.3.2,2026-01-19,3,,Mon,4
1.2.2.1.1.2,2.3.2,2026-01-20,3,,Tue,4
1.2.2.1.1.2,2.3.2,2026-01-21,3,,Wed,4
1.2.2.1.1.2,2.3.2,2026-01-22,3,,Thu,4
1.2.2.1.1.2,2.3.2,2026-01-23,3,,Fri,4
1.2.2.1.1.2,2.3.2,2026-01-24,3,,Sat,4
1.2.2.1.1.2,2.3.2,2026-01-26,3,,Mon,5
1.2.2.1.1.2,2.3.2,2026-01-27,3,,Tue,5
1.2.2.1.1.2,2.3.2,2026-01-28,3,,Wed,5
1.2.2.1.1.2,2.3.2,2026-01-29,6,,Thu,5
1.2.2.1.1.2,2.3.2,2026-01-30,6,,Fri,5
1.2.2.1.1.2,2.3.2,2026-01-31,6,,Sat,5
1.2.2.1.1.3,2.3.3,2026-01-19,3,,Mon,4
1.2.2.1.1.3,2.3.3,2026-01-20,3,,Tue,4
1.2.2.1.1.3,2.3.3,2026-01-21,3,,Wed,4
1.2.2.1.1.3,2.3.3,2026-01-22,3,,Thu,4
1.2.2.1.1.3,2.3.3,2026-01-23,3,,Fri,4
1.2.2.1.1.3,2.3.3,2026-01-24,3,,Sat,4
1.2.2.1.1.3,2.3.3,2026-01-26,3,,Mon,5
1.2.2.1.1.3,2.3.3,2026-01-27,3,,Tue,5
1.2.2.1.1.3,2.3.3,2026-01-28,3,,Wed,5
1.2.2.1.2.1,4.6.1,2026-04-13,2,,Mon,16
1.2.2.1.2.1,4.6.1,2026-04-14,2,,Tue,16
1.2.2.1.2.1,4.6.1,2026-04-15,2,,Wed,16
1.2.2.1.2.1,4.6.1,2026-04-16,2,,Thu,16
1.2.2.1.2.1,4.6.1,2026-04-17,2,,Fri,16
1.2.2.1.2.1,4.6.1,2026-04-18,2,,Sat,16
1.2.2.1.2.1,4.6.1,2026-04-20,2,,Mon,17
1.2.2.1.2.1,4.6.1,2026-04-21,2,,Tue,17
1.2.2.1.2.1,4.6.1,2026-04-22,2,,Wed,17
1.2.2.1.2.1,4.6.1,2026-04-23,2,,Thu,17
1.2.2.1.2.1,4.6.1,2026-04-24,2,,Fri,17
1.2.2.1.2.1,4.6.1,2026-04-25,2,,Sat,17
1.2.2.2.4,4.9.4,2026-04-06,2,,Mon,15
1.2.2.2.4,4.9.4,2026-04-07,2,,Tue,15
1.2.2.2.4,4.9.4,2026-04-08,2,,Wed,15
1.2.2.2.4,4.9.4,2026-04-09,2,,Thu,15
1.2.2.2.4,4.9.4,2026-04-10,2,,Fri,15
1.2.2.2.4,4.9.4,2026-04-11,2,,Sat,15
1.2.2.2.4,4.9.4,2026-04-13,2,,Mon,16
1.2.2.2.4,4.9.4,2026-04-14,2,,Tue,16
1.2.2.2.4,4.9.4,2026-04-15,2,,Wed,16
1.2.2.2.4,4.9.4,2026-04-16,2,,Thu,16
1.2.2.2.4,4.9.4,2026-04-17,2,,Fri,16
1.2.2.2.4,4.9.4,2026-04-18,2,,Sat,16
1.2.2.2.4,4.9.4,2026-04-20,6,,Mon,17
1.2.2.2.4,4.9.4,2026-04-21,6,,Tue,17
1.2.2.2.4,4.9.4,2026-04-22,6,,Wed,17
1.2.2.2.4,4.9.4,2026-04-23,10,,Thu,17
1.2.2.2.4,4.9.4,2026-04-24,10,,Fri,17
1.2.2.2.4,4.9.4,2026-04-25,10,,Sat,17
1.2.3.1.1,3.1.1,2026-02-16,2,,Mon,8
1.2.3.1.1,3.1.1,2026-02-17,2,,Tue,8
1.2.3.1.1,3.1.1,2026-02-18,2,,Wed,8
1.2.3.1.1,3.1.1,2026-02-19,2,,Thu,8
1.2.3.1.1,3.1.1,2026-02-20,2,,Fri,8
1.2.3.1.1,3.1.1,2026-02-21,2,,Sat,8
1.2.3.1.1,3.1.1,2026-02-23,2,,Mon,9
1.2.3.1.1,3.1.1,2026-02-24,2,,Tue,9
1.2.3.1.1,3.1.1,2026-02-25,2,,Wed,9
1.2.3.1.1,3.1.1,2026-02-26,2,,Thu,9
1.2.3.1.1,3.1.1,2026-02-27,2,,Fri,9
1.2.3.1.1,3.1.1,2026-02-28,2,,Sat,9
1.2.3.1.1,3.1.1,2026-03-02,2,,Mon,10
1.2.3.1.1,3.1.1,2026-03-03,2,,Tue,10
1.2.3.1.1,3.1.1,2026-03-04,2,,Wed,10
1.2.3.1.1,3.1.1,2026-03-05,2,,Thu,10
1.2.3.1.1,3.1.1,2026-03-06,2,,Fri,10
1.2.3.1.1,3.1.1,2026-03-07,2,,Sat,10
1.2.3.1.2,3.1.2,2026-02-16,4,,Mon,8
1.2.3.1.2,3.1.2,2026-02-17,4,,Tue,8
1.2.3.1.2,3.1.2,2026-02-18,4,,Wed,8
1.2.3.1.2,3.1.2,2026-02-19,4,,Thu,8
1.2.3.1.2,3.1.2,2026-02-20,4,,Fri,8
1.2.3.1.2,3.1.2,2026-02-21,4,,Sat,8
1.2.3.1.3,3.1.3,2026-02-23,4,,Mon,9
1.2.3.1.3,3.1.3,2026-02-24,4,,Tue,9
1.2.3.1.3,3.1.3,2026-02-25,4,,Wed,9
1.2.3.1.3,3.1.3,2026-02-26,4,,Thu,9
1.2.3.1.3,3.1.3,2026-02-27,4,,Fri,9
1.2.3.1.3,3.1.3,2026-02-28,4,,Sat,9
1.2.3.2.1,4.2.1,2026-03-30,4,,Mon,14
1.2.3.2.1,4.2.1,2026-03-31,4,,Tue,14
1.2.3.2.1,4.2.1,2026-04-01,4,,Wed,14
1.2.3.2.1,4.2.1,2026-04-02,4,,Thu,14
1.2.3.2.1,4.2.1,2026-04-03,4,,Fri,14
1.2.3.2.1,4.2.1,2026-04-04,4,,Sat,14
1.2.3.2.1,4.2.1,2026-04-06,4,,Mon,15
1.2.3.2.1,4.2.1,2026-04-07,4,,Tue,15
1.2.3.2.1,4.2.1,2026-04-08,4,,Wed,15
1.2.3.2.1,4.2.1,2026-04-09,4,,Thu,15
1.2.3.2.1,4.2.1,2026-04-10,4,,Fri,15
1.2.3.2.1,4.2.1,2026-04-11,4,,Sat,15
1.2.3.2.2,4.2.2,2026-04-09,4,,Thu,15
1.2.3.2.2,4.2.2,2026-04-10,4,,Fri,15
1.2.3.2.2,4.2.2,2026-04-11,4,,Sat,15
1.2.3.2.2,4.2.2,2026-04-13,4,,Mon,16
1.2.3.2.2,4.2.2,2026-04-14,4,,Tue,16
1.2.3.2.2,4.2.2,2026-04-15,4,,Wed,16
1.2.3.2.3,4.2.3,2026-04-16,4,,Thu,16
1.2.3.2.3,4.2.3,2026-04-17,4,,Fri,16
1.2.3.2.3,4.2.3,2026-04-18,4,,Sat,16
1.2.3.2.3,4.2.3,2026-04-20,4,,Mon,17
1.2.3.2.3,4.2.3,2026-04-21,4,,Tue,17
1.2.3.2.3,4.2.3,2026-04-22,4,,Wed,17
1.2.4.1.3,3.2.2,2026-03-16,2,,Mon,12
1.2.4.1.3,3.2.2,2026-03-17,2,,Tue,12
1.2.4.1.3,3.2.2,2026-03-18,2,,Wed,12
1.2.4.1.3,3.2.2,2026-03-19,2,,Thu,12
1.2.4.1.3,3.2.2,2026-03-20,2,,Fri,12
1.2.4.1.3,3.2.2,2026-03-21,2,,Sat,12
1.2.4.2.1,4.3.1,2026-04-13,2,,Mon,16
1.2.4.2.1,4.3.1,2026-04-14,2,,Tue,16
1.2.4.2.1,4.3.1,2026-04-15,2,,Wed,16
1.2.4.2.1,4.3.1,2026-04-16,2,,Thu,16
1.2.4.2.1,4.3.1,2026-04-17,2,,Fri,16
1.2.4.2.1,4.3.1,2026-04-18,2,,Sat,16
1.2.4.2.1,4.3.1,2026-04-20,2,,Mon,17
1.2.4.2.1,4.3.1,2026-04-21,2,,Tue,17
1.2.4.2.1,4.3.1,2026-04-22,2,,Wed,17
1.2.4.2.1,4.3.1,2026-04-23,2,,Thu,17
1.2.4.2.1,4.3.1,2026-04-24,2,,Fri,17
1.2.4.2.1,4.3.1,2026-04-25,2,,Sat,17
1.2.4.2.2,4.3.2,2026-04-13,2,,Mon,16
1.2.4.2.2,4.3.2,2026-04-14,2,,Tue,16
1.2.4.2.2,4.3.2,2026-04-15,2,,Wed,16
1.2.4.2.2,4.3.2,2026-04-16,2,,Thu,16
1.2.4.2.2,4.3.2,2026-04-17,2,,Fri,16
1.2.4.2.2,4.3.2,2026-04-18,2,,Sat,16
1.2.4.2.2,4.3.2,2026-04-20,2,,Mon,17
1.2.4.2.2,4.3.2,2026-04-21,2,,Tue,17
1.2.4.2.2,4.3.2,2026-04-22,2,,Wed,17
1.2.4.2.2,4.3.2,2026-04-23,2,,Thu,17
1.2.4.2.2,4.3.2,2026-04-24,2,,Fri,17
1.2.4.2.2,4.3.2,2026-04-25,2,,Sat,17
1.2.4.2.3,4.3.3,2026-04-13,2,,Mon,16
1.2.4.2.3,4.3.3,2026-04-14,2,,Tue,16
1.2.4.2.3,4.3.3,2026-04-15,2,,Wed,16
1.2.4.2.3,4.3.3,2026-04-16,2,,Thu,16
1.2.4.2.3,4.3.3,2026-04-17,2,,Fri,16
1.2.4.2.3,4.3.3,2026-04-18,2,,Sat,16
1.2.4.2.3,4.3.3,2026-04-20,2,,Mon,17
1.2.4.2.3,4.3.3,2026-04-21,2,,Tue,17
1.2.4.2.3,4.3.3,2026-04-22,2,,Wed,17
1.2.4.2.3,4.3.3,2026-04-23,2,,Thu,17
1.2.4.2.3,4.3.3,2026-04-24,2,,Fri,17
1.2.4.2.3,4.3.3,2026-04-25,2,,Sat,17
1.2.4.3.1,4.8.1,2026-04-06,2,,Mon,15
1.2.4.3.1,4.8.1,2026-04-07,2,,Tue,15
1.2.4.3.1,4.8.1,2026-04-08,2,,Wed,15
1.2.4.3.1,4.8.1,2026-04-09,2,,Thu,15
1.2.8.1,2.12.1,2026-03-26,4,,Thu,13
1.2.8.1,2.12.1,2026-03-27,4,,Fri,13
1.2.8.1,2.12.1,2026-03-28,4,,Sat,13
1.2.8.2,2.12.2,2026-02-02,10,,Mon,6
1.2.8.2,2.12.2,2026-02-03,10,,Tue,6
1.2.8.2,2.12.2,2026-02-04,10,,Wed,6
1.2.8.2,2.12.2,2026-02-05,10,,Thu,6
1.2.8.2,2.12.2,2026-02-06,10,,Fri,6
1.2.8.2,2.12.2,2026-02-07,10,,Sat,6
1.2.8.2,2.12.2,2026-02-09,10,,Mon,7
1.2.8.2,2.12.2,2026-02-10,10,,Tue,7
1.2.8.2,2.12.2,2026-02-11,10,,Wed,7
1.2.8.2,2.12.2,2026-02-12,10,,Thu,7
1.2.8.2,2.12.2,2026-02-13,10,,Fri,7
1.2.8.2,2.12.2,2026-02-14,10,,Sat,7
1.2.8.2,2.12.2,2026-02-16,10,,Mon,8
1.2.8.2,2.12.2,2026-02-17,10,,Tue,8
1.2.8.2,2.12.2,2026-02-18,10,,Wed,8
1.2.8.2,2.12.2,2026-02-19,10,,Thu,8
1.2.8.2,2.12.2,2026-02-20,10,,Fri,8
1.2.8.2,2.12.2,2026-02-21,10,,Sat,8
1.2.8.2,2.12.2,2026-02-23,10,,Mon,9
1.2.8.2,2.12.2,2026-02-24,10,,Tue,9
1.2.8.2,2.12.2,2026-02-25,10,,Wed,9
1.2.8.2,2.12.2,2026-02-26,10,,Thu,9
1.2.8.2,2.12.2,2026-02-27,10,,Fri,9
1.2.8.2,2.12.2,2026-02-28,10,,Sat,9
1.2.8.2,2.12.2,2026-03-02,10,,Mon,10
1.2.8.2,2.12.2,2026-03-03,10,,Tue,10
1.2.8.2,2.12.2,2026-03-04,10,,Wed,10
1.2.8.2,2.12.2,2026-03-05,10,,Thu,10
1.2.8.2,2.12.2,2026-03-06,10,,Fri,10
1.2.8.2,2.12.2,2026-03-07,10,,Sat,10
1.2.8.2,2.12.2,2026-03-09,10,,Mon,11
1.2.8.2,2.12.2,2026-03-10,10,,Tue,11
1.2.8.2,2.12.2,2026-03-11,10,,Wed,11
1.2.8.2,2.12.2,2026-03-12,10,,Thu,11
1.2.8.2,2.12.2,2026-03-13,10,,Fri,11
1.2.8.2,2.12.2,2026-03-14,10,,Sat,11
1.2.8.2,2.12.2,2026-03-16,10,,Mon,12
1.2.8.2,2.12.2,2026-03-17,10,,Tue,12
1.2.8.2,2.12.2,2026-03-18,10,,Wed,12
1.2.8.2,2.12.2,2026-03-19,10,,Thu,12
1.2.8.2,2.12.2,2026-03-20,10,,Fri,12
1.2.8.2,2.12.2,2026-03-21,10,,Sat,12
1.2.8.2,2.12.2,2026-03-23,10,,Mon,13
1.2.8.2,2.12.2,2026-03-24,10,,Tue,13
1.2.8.2,2.12.2,2026-03-25,10,,Wed,13
1.2.8.2,2.12.2,2026-03-26,10,,Thu,13
1.2.8.2,2.12.2,2026-03-27,10,,Fri,13
1.2.8.2,2.12.2,2026-03-28,10,,Sat,13
1.2.8.3,2.12.3,2026-03-16,8,,Mon,12
1.2.8.3,2.12.3,2026-03-17,8,,Tue,12
1.2.8.3,2.12.3,2026-03-18,8,,Wed,12
1.2.8.3,2.12.3,2026-03-19,8,,Thu,12
1.2.8.3,2.12.3,2026-03-20,8,,Fri,12
1.2.8.3,2.12.3,2026-03-21,8,,Sat,12
1.2.8.3,2.12.3,2026-03-23,8,,Mon,13
1.2.8.3,2.12.3,2026-03-24,8,,Tue,13
1.2.8.3,2.12.3,2026-03-25,8,,Wed,13
1.2.8.3,2.12.3,2026-03-26,8,,Thu,13
1.2.8.3,2.12.3,2026-03-27,8,,Fri,13
1.2.8.3,2.12.3,2026-03-28,8,,Sat,13
1.2.9.1,2.6.1,2026-02-16,5,,Mon,8
1.2.9.1,2.6.1,2026-02-17,5,,Tue,8
1.2.9.1,2.6.1,2026-02-18,5,,Wed,8
1.2.9.1,2.6.1,2026-02-19,5,,Thu,8
1.2.9.1,2.6.1,2026-02-20,5,,Fri,8
1.2.9.1,2.6.1,2026-02-21,5,,Sat,8
1.2.9.1,2.6.1,2026-02-23,5,,Mon,9
1.2.9.1,2.6.1,2026-02-24,5,,Tue,9
1.2.9.1,2.6.1,2026-02-25,5,,Wed,9
1.2.9.1,2.6.1,2026-02-26,5,,Thu,9
1.2.9.1,2.6.1,2026-02-27,5,,Fri,9
1.2.9.1,2.6.1,2026-02-28,5,,Sat,9
1.2.9.2,2.6.2,2026-03-02,4,,Mon,10
1.2.9.2,2.6.2,2026-03-03,4,,Tue,10
1.2.9.2,2.6.2,2026-03-04,4,,Wed,10
1.2.9.2,2.6.2,2026-03-05,4,,Thu,10
1.2.9.2,2.6.2,2026-03-06,4,,Fri,10
1.2.9.2,2.6.2,2026-03-07,4,,Sat,10
1.2.9.2,2.6.2,2026-03-09,4,,Mon,11
1.2.9.2,2.6.2,2026-03-10,4,,Tue,11
1.2.9.2,2.6.2,2026-03-11,4,,Wed,11
1.2.9.2,2.6.2,2026-03-12,4,,Thu,11
1.2.9.2,2.6.2,2026-03-13,4,,Fri,11
1.2.9.2,2.6.2,2026-03-14,4,,Sat,11
1.2.9.3,2.6.3,2026-03-09,4,,Mon,11
1.2.9.3,2.6.3,2026-03-10,4,,Tue,11
1.2.9.3,2.6.3,2026-03-11,4,,Wed,11
1.2.9.3,2.6.3,2026-03-12,4,,Thu,11
1.2.9.3,2.6.3,2026-03-13,4,,Fri,11
1.2.9.3,2.6.3,2026-03-14,4,,Sat,11
1.2.10.4,3.5.4,2026-03-30,4,,Mon,14
1.2.10.4,3.5.4,2026-03-31,4,,Tue,14
1.2.10.4,3.5.4,2026-04-01,4,,Wed,14
1.2.10.4,3.5.4,2026-04-02,4,,Thu,14
1.2.10.4,3.5.4,2026-04-03,4,,Fri,14
1.2.10.4,3.5.4,2026-04-04,4,,Sat,14
1.2.10.4,3.5.4,2026-04-06,4,,Mon,15
1.2.10.4,3.5.4,2026-04-07,4,,Tue,15
1.2.10.4,3.5.4,2026-04-08,4,,Wed,15
1.2.10.4,3.5.4,2026-04-09,4,,Thu,15
1.2.10.4,3.5.4,2026-04-10,4,,Fri,15
1.2.10.4,3.5.4,2026-04-11,4,,Sat,15
1.2.10.5,3.5.5,2026-03-30,4,,Mon,14
1.2.10.5,3.5.5,2026-03-31,4,,Tue,14
1.2.10.5,3.5.5,2026-04-01,4,,Wed,14
1.2.10.5,3.5.5,2026-04-02,4,,Thu,14
1.2.10.5,3.5.5,2026-04-03,4,,Fri,14
1.2.10.5,3.5.5,2026-04-04,4,,Sat,14
1.2.10.5,3.5.5,2026-04-06,4,,Mon,15
1.2.10.5,3.5.5,2026-04-07,4,,Tue,15
1.2.10.5,3.5.5,2026-04-08,4,,Wed,15
1.2.10.5,3.5.5,2026-04-09,4,,Thu,15
1.2.10.5,3.5.5,2026-04-10,4,,Fri,15
1.2.10.5,3.5.5,2026-04-11,4,,Sat,15
1.2.10.6,3.5.6,2026-04-06,4,,Mon,15
1.2.10.6,3.5.6,2026-04-07,4,,Tue,15
1.2.10.6,3.5.6,2026-04-08,4,,Wed,15
1.2.10.6,3.5.6,2026-04-09,4,,Thu,15
1.2.10.6,3.5.6,2026-04-10,4,,Fri,15
1.2.10.6,3.5.6,2026-04-11,4,,Sat,15
1.2.10.7,3.5.7,2026-04-13,4,,Mon,16
1.2.10.7,3.5.7,2026-04-14,4,,Tue,16
1.2.10.7,3.5.7,2026-04-15,4,,Wed,16
1.2.10.7,3.5.7,2026-04-16,4,,Thu,16
1.2.10.7,3.5.7,2026-04-17,4,,Fri,16
1.2.10.7,3.5.7,2026-04-18,4,,Sat,16
1.2.10.7,3.5.7,2026-04-20,4,,Mon,17
1.2.10.7,3.5.7,2026-04-21,4,,Tue,17
1.2.10.7,3.5.7,2026-04-22,4,,Wed,17
1.2.10.7,3.5.7,2026-04-23,4,,Thu,17
1.2.10.7,3.5.7,2026-04-24,4,,Fri,17
1.2.10.7,3.5.7,2026-04-25,4,,Sat,17
1.2.11.2,3.6.2,2026-04-27,8,,Mon,18
1.2.11.2,3.6.2,2026-04-28,8,,Tue,18
1.2.11.2,3.6.2,2026-04-29,8,,Wed,18
1.2.11.2,3.6.2,2026-04-30,8,,Thu,18
1.2.11.2,3.6.2,2026-05-01,8,,Fri,18
1.2.11.2,3.6.2,2026-05-02,8,,Sat,18
1.2.11.2,3.6.2,2026-05-04,8,,Mon,19
1.2.11.2,3.6.2,2026-05-05,8,,Tue,19
1.2.11.2,3.6.2,2026-05-06,8,,Wed,19
1.2.11.2,3.6.2,2026-05-07,8,,Thu,19
1.2.11.2,3.6.2,2026-05-08,8,,Fri,19
1.2.11.2,3.6.2,2026-05-09,8,,Sat,19
1.2.11.2,3.6.2,2026-05-11,4,,Mon,20
1.2.11.2,3.6.2,2026-05-12,4,,Tue,20
1.2.11.2,3.6.2,2026-05-13,4,,Wed,20
1.2.11.2,3.6.2,2026-05-14,4,,Thu,20
1.2.11.2,3.6.2,2026-05-15,4,,Fri,20
1.2.11.2,3.6.2,2026-05-16,4,,Sat,20
1.2.11.3,3.6.3,2026-05-04,4,,Mon,19
1.2.11.3,3.6.3,2026-05-05,4,,Tue,19
1.2.11.3,3.6.3,2026-05-06,4,,Wed,19
1.2.11.3,3.6.3,2026-05-07,4,,Thu,19
1.2.11.3,3.6.3,2026-05-08,4,,Fri,19
1.2.11.3,3.6.3,2026-05-09,4,,Sat,19
1.2.11.3,3.6.3,2026-05-11,4,,Mon,20
1.2.11.3,3.6.3,2026-05-12,4,,Tue,20
1.2.11.3,3.6.3,2026-05-13,4,,Wed,20
1.2.11.3,3.6.3,2026-05-14,4,,Thu,20
1.2.11.3,3.6.3,2026-05-15,4,,Fri,20
1.2.11.3,3.6.3,2026-05-16,4,,Sat,20
1.2.11.4,3.6.4,2026-05-11,4,,Mon,20
1.2.11.4,3.6.4,2026-05-12,4,,Tue,20
1.2.11.4,3.6.4,2026-05-13,4,,Wed,20
1.2.11.4,3.6.4,2026-05-14,4,,Thu,20
1.2.11.4,3.6.4,2026-05-15,4,,Fri,20
1.2.11.4,3.6.4,2026-05-16,4,,Sat,20
1.2.11.4,3.6.4,2026-05-18,10,,Mon,21
1.2.11.4,3.6.4,2026-05-19,10,,Tue,21
1.2.11.4,3.6.4,2026-05-20,10,,Wed,21
1.2.11.4,3.6.4,2026-05-21,10,,Thu,21
1.2.11.4,3.6.4,2026-05-22,10,,Fri,21
1.2.11.4,3.6.4,2026-05-23,10,,Sat,21
1.2.11.4,3.6.4,2026-05-25,10,,Mon,22
1.2.11.4,3.6.4,2026-05-26,10,,Tue,22
1.2.11.4,3.6.4,2026-05-27,10,,Wed,22
1.2.11.4,3.6.4,2026-05-28,10,,Thu,22
1.2.11.4,3.6.4,2026-05-29,10,,Fri,22
1.2.11.4,3.6.4,2026-05-30,10,,Sat,22
1.2.12.1,3.4.1,2026-01-26,6,,Mon,5
1.2.12.1,3.4.1,2026-01-27,6,,Tue,5
1.2.12.1,3.4.1,2026-01-28,6,,Wed,5
1.2.12.1,3.4.1,2026-01-29,6,,Thu,5
1.2.12.1,3.4.1,2026-01-30,6,,Fri,5
1.2.12.1,3.4.1,2026-01-31,6,,Sat,5
1.2.12.1,3.4.1,2026-02-02,3,,Mon,6
1.2.12.1,3.4.1,2026-02-03,3,,Tue,6
1.2.12.1,3.4.1,2026-02-04,3,,Wed,6
1.2.12.1,3.4.1,2026-02-05,3,,Thu,6
1.2.12.1,3.4.1,2026-02-06,3,,Fri,6
1.2.12.1,3.4.1,2026-02-07,3,,Sat,6
1.2.12.3,3.4.3,2026-03-30,2,,Mon,14
1.2.12.3,3.4.3,2026-03-31,2,,Tue,14
1.2.12.3,3.4.3,2026-04-01,2,,Wed,14
1.2.12.3,3.4.3,2026-04-02,2,,Thu,14
1.2.12.3,3.4.3,2026-04-03,2,,Fri,14
1.2.12.3,3.4.3,2026-04-04,2,,Sat,14
1.2.12.4,3.4.4,2026-03-30,2,,Mon,14
1.2.12.4,3.4.4,2026-03-31,2,,Tue,14
1.2.12.4,3.4.4,2026-04-01,2,,Wed,14
1.2.12.4,3.4.4,2026-04-02,2,,Thu,14
1.2.12.4,3.4.4,2026-04-03,2,,Fri,14
1.2.12.4,3.4.4,2026-04-04,2,,Sat,14
1.2.12.5,3.4.5,2026-04-02,4,,Thu,14
1.2.12.5,3.4.5,2026-04-03,4,,Fri,14
1.2.12.5,3.4.5,2026-04-04,4,,Sat,14
1.2.12.5,3.4.5,2026-04-06,4,,Mon,15
1.2.12.5,3.4.5,2026-04-07,4,,Tue,15
1.2.12.5,3.4.5,2026-04-08,4,,Wed,15
1.2.12.6,3.4.6,2026-04-06,4,,Mon,15
1.2.12.6,3.4.6,2026-04-07,4,,Tue,15
1.2.12.6,3.4.6,2026-04-08,4,,Wed,15
1.2.12.6,3.4.6,2026-04-09,4,,Thu,15
1.2.12.6,3.4.6,2026-04-10,4,,Fri,15
1.2.12.6,3.4.6,2026-04-11,4,,Sat,15
1.2.12.6,3.4.6,2026-04-13,4,,Mon,16
1.2.12.6,3.4.6,2026-04-14,4,,Tue,16
1.2.12.6,3.4.6,2026-04-15,4,,Wed,16
1.2.12.6,3.4.6,2026-04-16,4,,Thu,16
1.2.12.6,3.4.6,2026-04-17,4,,Fri,16
1.2.12.6,3.4.6,2026-04-18,4,,Sat,16
1.2.13.1,2.4.1,2025-12-01,5,,Mon,49
1.2.13.1,2.4.1,2025-12-02,5,,Tue,49
1.2.13.1,2.4.1,2025-12-03,5,,Wed,49
1.2.13.2,2.4.2,2025-12-04,5,,Thu,49
1.2.13.2,2.4.2,2025-12-05,5,,Fri,49
1.2.13.2,2.4.2,2025-12-06,5,,Sat,49
1.2.13.3.2,2.4.3.2,2025-12-08,3,,Mon,50
1.2.13.3.2,2.4.3.2,2025-12-09,3,,Tue,50
1.2.13.3.2,2.4.3.2,2025-12-10,3,,Wed,50
1.2.13.3.2,2.4.3.2,2025-12-11,3,,Thu,50
1.2.13.3.2,2.4.3.2,2025-12-12,3,,Fri,50
1.2.13.3.2,2.4.3.2,2025-12-13,3,,Sat,50
1.2.13.3.2,2.4.3.2,2025-12-15,3,,Mon,51
1.2.13.3.2,2.4.3.2,2025-12-16,3,,Tue,51
1.2.13.3.2,2.4.3.2,2025-12-17,3,,Wed,51
1.2.13.3.2,2.4.3.2,2025-12-18,3,,Thu,51
1.2.13.3.2,2.4.3.2,2025-12-19,3,,Fri,51
1.2.13.3.3,2.4.3.3,2026-01-12,3,,Mon,3
1.2.13.3.3,2.4.3.3,2026-01-13,3,,Tue,3
1.2.13.3.3,2.4.3.3,2026-01-14,3,,Wed,3
1.2.13.3.3,2.4.3.3,2026-01-15,3,,Thu,3
1.2.13.3.3,2.4.3.3,2026-01-16,3,,Fri,3
1.2.13.3.3,2.4.3.3,2026-01-17,3,,Sat,3
1.2.13.3.3,2.4.3.3,2026-01-19,3,,Mon,4
1.2.13.3.3,2.4.3.3,2026-01-20,3,,Tue,4
1.2.13.3.3,2.4.3.3,2026-01-21,3,,Wed,4
1.2.13.3.3,2.4.3.3,2026-01-22,3,,Thu,4
1.2.13.3.3,2.4.3.3,2026-01-23,3,,Fri,4
1.2.13.3.3,2.4.3.3,2026-01-24,3,,Sat,4
1.3.1.1,1.6.0,2025-12-01,2,,Mon,49
1.3.1.1,1.6.0,2025-12-02,2,,Tue,49
1.3.1.1,1.6.0,2025-12-03,2,,Wed,49
1.3.1.1,1.6.0,2025-12-04,2,,Thu,49
1.3.1.1,1.6.0,2025-12-05,2,,Fri,49
1.3.1.1,1.6.0,2025-12-06,2,,Sat,49
1.4.3.2.4,2.8.4,2026-02-16,2,,Mon,8
1.4.3.2.4,2.8.4,2026-02-17,2,,Tue,8
1.4.3.2.4,2.8.4,2026-02-18,2,,Wed,8
1.4.3.2.4,2.8.4,2026-02-19,2,,Thu,8
1.4.3.2.4,2.8.4,2026-02-20,2,,Fri,8
1.4.3.2.4,2.8.4,2026-02-21,2,,Sat,8
1.4.3.4.4,2.9.4,2026-02-16,2,,Mon,8
1.4.3.4.4,2.9.4,2026-02-17,2,,Tue,8
1.4.3.4.4,2.9.4,2026-02-18,2,,Wed,8
1.4.3.4.4,2.9.4,2026-02-19,2,,Thu,8
1.4.3.4.4,2.9.4,2026-02-20,2,,Fri,8
1.4.3.4.4,2.9.4,2026-02-21,2,,Sat,8
